topic_id,theme_label,reviews_with_topic,present_frequency,impact_coefficient,abs_impact,confidence_stability,risk_score_simple,risk_score_confidence,issue_class
4,Consultation & Positive Patient Experience,358,0.35943775100401604,0.19702139089144363,0.19702139089144363,0.8535620380215824,0.07081692564170362,0.0604466393771554,Systemic
1,Clinical Care & Treatment Quality,284,0.285140562248996,-0.2114698087869781,0.2114698087869781,0.8338198323032393,0.06029862017620661,0.050278185363441315,Systemic
2,Overall Service & Facility Cleanliness,185,0.1857429718875502,0.1385586828594733,0.1385586828594733,0.7783914458893911,0.02573630153514313,0.020032916963785417,Recurring
5,Wait Time & Operational Efficiency,173,0.17369477911646586,-0.0933286168290886,0.0933286168290886,0.5741327822572502,0.016210693485373823,0.009307090553077152,Recurring
3,Emergency Service Failures,250,0.25100401606425704,-0.05857185761828585,0.05857185761828585,0.396512759585837,0.014701771490533599,0.005829439984511861,Recurring
