topic_id,theme_label,reviews_with_topic,present_frequency,impact_coefficient,abs_impact,confidence_stability,risk_score_simple,risk_score_confidence,issue_class
4,Consultation & Positive Patient Experience,358,0.35943775100401604,0.19561375085514188,0.19561375085514188,0.853556844869293,0.07031096667283211,0.06001440687297258,Systemic
1,Clinical Care & Treatment Quality,284,0.285140562248996,-0.20985694836738888,0.20985694836738888,0.8338627000648409,0.05983872824933578,0.049897283506437407,Systemic
2,Overall Service & Facility Cleanliness,185,0.1857429718875502,0.1373491877341374,0.1373491877341374,0.77834460086641,0.025511646316079738,0.019856852169334104,Recurring
5,Wait Time & Operational Efficiency,173,0.17369477911646586,-0.09255656716568494,0.09255656716568494,0.5742458132697972,0.016076592489621983,0.009231915928810088,Recurring
3,Emergency Service Failures,250,0.25100401606425704,-0.05815139545068959,0.05815139545068959,0.39705487383360294,0.014596233797863853,0.005795505769056603,Recurring
